John Hillnob,Oxford,john.hillnob@ninjamail.org
Linda Mellonson,Leicester,linda.mellonson@ninyahoo.co
Mary Nipson,Oxford,mary.nipson@ninyahoo.co
Jason Castlenob,Cambridge,jason.castlenob@ninjamail.org
Diana Castlebutter,Cambridge,diana.castlebutter@ninjamail.org
Mary Gradnip,Oxford,mary.gradnip@hotsumo.com
John Nipwhale,Newcastle,john.nipwhale@ninyahoo.co
John Hillwhale,Newcastle,john.hillwhale@hotsumo.com
Tim Nobwhale,Leicester,tim.nobwhale@hotsumo.com
Tim Whalenob,Newcastle,tim.whalenob@dojobox.net
Anna Castlemellon,London,anna.castlemellon@ninjamail.org
Diana Castlecastle,Newcastle,diana.castlecastle@ninjamail.org
Diana Nobsmith,Leicester,diana.nobsmith@ninyahoo.co
Carol Whalenob,London,carol.whalenob@ninyahoo.co
Anna Gradhill,London,anna.gradhill@hotsumo.com
John Castlebutter,London,john.castlebutter@ninyahoo.co
Mary Nobmellon,London,mary.nobmellon@ninjamail.org
Carol Smithgrad,Newcastle,carol.smithgrad@dojobox.net
David Hillcastle,London,david.hillcastle@ninyahoo.co
Maggie Smithgrad,Newcastle,maggie.smithgrad@dojobox.net
Anna Nipsmith,London,anna.nipsmith@ninyahoo.co
Diana Underbutter,Leicester,diana.underbutter@ninyahoo.co
Maggie Butterson,Leicester,maggie.butterson@ninjamail.org
Mary Scotchnob,Leicester,mary.scotchnob@dojobox.net
Tim Butternip,Oxford,tim.butternip@ninyahoo.co
John Whalescotch,Oxford,john.whalescotch@hotsumo.com
Diana Melloncastle,Newcastle,diana.melloncastle@ninyahoo.co
Diana Scotchcastle,Oxford,diana.scotchcastle@ninyahoo.co
Carol Smithsmith,Newcastle,carol.smithsmith@ninjamail.org
Mary Castlenob,Newcastle,mary.castlenob@ninjamail.org
